company,report_type,year,pdf_filename,page_number,page_label,section_title,word_count,char_count,pdf_path,final_url
TotalEnergies,sustainability_statement,2026,totalenergies_sustainability-climate-2026-progress-report_2026_en.pdf,1,1,,10,75,data/raw_pdfs/totalenergies/totalenergies_sustainability-climate-2026-progress-report_2026_en.pdf,https://totalenergies.com/system/files/documents/totalenergies_sustainability-climate-2026-progress-report_2026_en.pdf
TotalEnergies,sustainability_statement,2026,totalenergies_sustainability-climate-2026-progress-report_2026_en.pdf,2,2,Pioneers for Over a Hundred Years,377,2425,data/raw_pdfs/totalenergies/totalenergies_sustainability-climate-2026-progress-report_2026_en.pdf,https://totalenergies.com/system/files/documents/totalenergies_sustainability-climate-2026-progress-report_2026_en.pdf
TotalEnergies,sustainability_statement,2026,totalenergies_sustainability-climate-2026-progress-report_2026_en.pdf,3,3,Acting for the,98,636,data/raw_pdfs/totalenergies/totalenergies_sustainability-climate-2026-progress-report_2026_en.pdf,https://totalenergies.com/system/files/documents/totalenergies_sustainability-climate-2026-progress-report_2026_en.pdf
TotalEnergies,sustainability_statement,2026,totalenergies_sustainability-climate-2026-progress-report_2026_en.pdf,4,4,"Message from Patrick Pouyanné, Chairman and CEO",529,3453,data/raw_pdfs/totalenergies/totalenergies_sustainability-climate-2026-progress-report_2026_en.pdf,https://totalenergies.com/system/files/documents/totalenergies_sustainability-climate-2026-progress-report_2026_en.pdf
TotalEnergies,sustainability_statement,2026,totalenergies_sustainability-climate-2026-progress-report_2026_en.pdf,5,5,"Message from Patrick Pouyanné, Chairman and CEO",888,5719,data/raw_pdfs/totalenergies/totalenergies_sustainability-climate-2026-progress-report_2026_en.pdf,https://totalenergies.com/system/files/documents/totalenergies_sustainability-climate-2026-progress-report_2026_en.pdf
TotalEnergies,sustainability_statement,2026,totalenergies_sustainability-climate-2026-progress-report_2026_en.pdf,6,6,Message from the Lead Independent Director,560,3625,data/raw_pdfs/totalenergies/totalenergies_sustainability-climate-2026-progress-report_2026_en.pdf,https://totalenergies.com/system/files/documents/totalenergies_sustainability-climate-2026-progress-report_2026_en.pdf
TotalEnergies,sustainability_statement,2026,totalenergies_sustainability-climate-2026-progress-report_2026_en.pdf,7,7,Governance,482,3343,data/raw_pdfs/totalenergies/totalenergies_sustainability-climate-2026-progress-report_2026_en.pdf,https://totalenergies.com/system/files/documents/totalenergies_sustainability-climate-2026-progress-report_2026_en.pdf
TotalEnergies,sustainability_statement,2026,totalenergies_sustainability-climate-2026-progress-report_2026_en.pdf,8,8,Governance,430,3009,data/raw_pdfs/totalenergies/totalenergies_sustainability-climate-2026-progress-report_2026_en.pdf,https://totalenergies.com/system/files/documents/totalenergies_sustainability-climate-2026-progress-report_2026_en.pdf
TotalEnergies,sustainability_statement,2026,totalenergies_sustainability-climate-2026-progress-report_2026_en.pdf,9,9,2025 Key Figures,207,1249,data/raw_pdfs/totalenergies/totalenergies_sustainability-climate-2026-progress-report_2026_en.pdf,https://totalenergies.com/system/files/documents/totalenergies_sustainability-climate-2026-progress-report_2026_en.pdf
TotalEnergies,sustainability_statement,2026,totalenergies_sustainability-climate-2026-progress-report_2026_en.pdf,10,10,Our Approach to Sustainable Development,451,2947,data/raw_pdfs/totalenergies/totalenergies_sustainability-climate-2026-progress-report_2026_en.pdf,https://totalenergies.com/system/files/documents/totalenergies_sustainability-climate-2026-progress-report_2026_en.pdf
TotalEnergies,sustainability_statement,2026,totalenergies_sustainability-climate-2026-progress-report_2026_en.pdf,11,11,FOCUS,529,3221,data/raw_pdfs/totalenergies/totalenergies_sustainability-climate-2026-progress-report_2026_en.pdf,https://totalenergies.com/system/files/documents/totalenergies_sustainability-climate-2026-progress-report_2026_en.pdf
TotalEnergies,sustainability_statement,2026,totalenergies_sustainability-climate-2026-progress-report_2026_en.pdf,12,12,Our Just Transition plan,475,2983,data/raw_pdfs/totalenergies/totalenergies_sustainability-climate-2026-progress-report_2026_en.pdf,https://totalenergies.com/system/files/documents/totalenergies_sustainability-climate-2026-progress-report_2026_en.pdf
TotalEnergies,sustainability_statement,2026,totalenergies_sustainability-climate-2026-progress-report_2026_en.pdf,13,13,Our Just Transition plan,703,4664,data/raw_pdfs/totalenergies/totalenergies_sustainability-climate-2026-progress-report_2026_en.pdf,https://totalenergies.com/system/files/documents/totalenergies_sustainability-climate-2026-progress-report_2026_en.pdf
TotalEnergies,sustainability_statement,2026,totalenergies_sustainability-climate-2026-progress-report_2026_en.pdf,14,14,Our Just Transition plan,655,4298,data/raw_pdfs/totalenergies/totalenergies_sustainability-climate-2026-progress-report_2026_en.pdf,https://totalenergies.com/system/files/documents/totalenergies_sustainability-climate-2026-progress-report_2026_en.pdf
TotalEnergies,sustainability_statement,2026,totalenergies_sustainability-climate-2026-progress-report_2026_en.pdf,15,15,Our Transition Strategy,220,1475,data/raw_pdfs/totalenergies/totalenergies_sustainability-climate-2026-progress-report_2026_en.pdf,https://totalenergies.com/system/files/documents/totalenergies_sustainability-climate-2026-progress-report_2026_en.pdf
TotalEnergies,sustainability_statement,2026,totalenergies_sustainability-climate-2026-progress-report_2026_en.pdf,16,16,"Global Challenges: More Energy, Less Emissions",362,2360,data/raw_pdfs/totalenergies/totalenergies_sustainability-climate-2026-progress-report_2026_en.pdf,https://totalenergies.com/system/files/documents/totalenergies_sustainability-climate-2026-progress-report_2026_en.pdf
TotalEnergies,sustainability_statement,2026,totalenergies_sustainability-climate-2026-progress-report_2026_en.pdf,17,17,~56 Gt CO 2 e,539,3358,data/raw_pdfs/totalenergies/totalenergies_sustainability-climate-2026-progress-report_2026_en.pdf,https://totalenergies.com/system/files/documents/totalenergies_sustainability-climate-2026-progress-report_2026_en.pdf
TotalEnergies,sustainability_statement,2026,totalenergies_sustainability-climate-2026-progress-report_2026_en.pdf,18,18,A Two-pillar Multi-energy Strategy,733,4731,data/raw_pdfs/totalenergies/totalenergies_sustainability-climate-2026-progress-report_2026_en.pdf,https://totalenergies.com/system/files/documents/totalenergies_sustainability-climate-2026-progress-report_2026_en.pdf
TotalEnergies,sustainability_statement,2026,totalenergies_sustainability-climate-2026-progress-report_2026_en.pdf,19,19,FOCUS,650,4334,data/raw_pdfs/totalenergies/totalenergies_sustainability-climate-2026-progress-report_2026_en.pdf,https://totalenergies.com/system/files/documents/totalenergies_sustainability-climate-2026-progress-report_2026_en.pdf
TotalEnergies,sustainability_statement,2026,totalenergies_sustainability-climate-2026-progress-report_2026_en.pdf,20,20,"More Energy, Less Emissions, Fully engaged in our transition strategy",424,2853,data/raw_pdfs/totalenergies/totalenergies_sustainability-climate-2026-progress-report_2026_en.pdf,https://totalenergies.com/system/files/documents/totalenergies_sustainability-climate-2026-progress-report_2026_en.pdf
TotalEnergies,sustainability_statement,2026,totalenergies_sustainability-climate-2026-progress-report_2026_en.pdf,21,21,"More Energy, Less Emissions, Fully engaged in our transition strategy",808,5060,data/raw_pdfs/totalenergies/totalenergies_sustainability-climate-2026-progress-report_2026_en.pdf,https://totalenergies.com/system/files/documents/totalenergies_sustainability-climate-2026-progress-report_2026_en.pdf
TotalEnergies,sustainability_statement,2026,totalenergies_sustainability-climate-2026-progress-report_2026_en.pdf,22,22,"More Energy, Less Emissions, Fully engaged in our transition strategy",518,3338,data/raw_pdfs/totalenergies/totalenergies_sustainability-climate-2026-progress-report_2026_en.pdf,https://totalenergies.com/system/files/documents/totalenergies_sustainability-climate-2026-progress-report_2026_en.pdf
TotalEnergies,sustainability_statement,2026,totalenergies_sustainability-climate-2026-progress-report_2026_en.pdf,23,23,2030: Our Objectives for More Energy and Less Emissions,303,1842,data/raw_pdfs/totalenergies/totalenergies_sustainability-climate-2026-progress-report_2026_en.pdf,https://totalenergies.com/system/files/documents/totalenergies_sustainability-climate-2026-progress-report_2026_en.pdf
TotalEnergies,sustainability_statement,2026,totalenergies_sustainability-climate-2026-progress-report_2026_en.pdf,24,24,Producing Oil Diﬀerently: Focus on Low-cost and Low-emission Oil Assets,507,3337,data/raw_pdfs/totalenergies/totalenergies_sustainability-climate-2026-progress-report_2026_en.pdf,https://totalenergies.com/system/files/documents/totalenergies_sustainability-climate-2026-progress-report_2026_en.pdf
TotalEnergies,sustainability_statement,2026,totalenergies_sustainability-climate-2026-progress-report_2026_en.pdf,25,25,FOCUS,607,3744,data/raw_pdfs/totalenergies/totalenergies_sustainability-climate-2026-progress-report_2026_en.pdf,https://totalenergies.com/system/files/documents/totalenergies_sustainability-climate-2026-progress-report_2026_en.pdf
TotalEnergies,sustainability_statement,2026,totalenergies_sustainability-climate-2026-progress-report_2026_en.pdf,26,26,Liqueﬁed Natural Gas: a Key Fuel for the Energy Transition,125,777,data/raw_pdfs/totalenergies/totalenergies_sustainability-climate-2026-progress-report_2026_en.pdf,https://totalenergies.com/system/files/documents/totalenergies_sustainability-climate-2026-progress-report_2026_en.pdf
TotalEnergies,sustainability_statement,2026,totalenergies_sustainability-climate-2026-progress-report_2026_en.pdf,27,27,I,805,5066,data/raw_pdfs/totalenergies/totalenergies_sustainability-climate-2026-progress-report_2026_en.pdf,https://totalenergies.com/system/files/documents/totalenergies_sustainability-climate-2026-progress-report_2026_en.pdf
TotalEnergies,sustainability_statement,2026,totalenergies_sustainability-climate-2026-progress-report_2026_en.pdf,28,28,Our Major Development in Electricity: an Integrated Approach,579,3933,data/raw_pdfs/totalenergies/totalenergies_sustainability-climate-2026-progress-report_2026_en.pdf,https://totalenergies.com/system/files/documents/totalenergies_sustainability-climate-2026-progress-report_2026_en.pdf
TotalEnergies,sustainability_statement,2026,totalenergies_sustainability-climate-2026-progress-report_2026_en.pdf,29,29,FOCUS,487,3384,data/raw_pdfs/totalenergies/totalenergies_sustainability-climate-2026-progress-report_2026_en.pdf,https://totalenergies.com/system/files/documents/totalenergies_sustainability-climate-2026-progress-report_2026_en.pdf
TotalEnergies,sustainability_statement,2026,totalenergies_sustainability-climate-2026-progress-report_2026_en.pdf,30,30,Our Renewable Electricity Capacity Build-up,458,2709,data/raw_pdfs/totalenergies/totalenergies_sustainability-climate-2026-progress-report_2026_en.pdf,https://totalenergies.com/system/files/documents/totalenergies_sustainability-climate-2026-progress-report_2026_en.pdf
TotalEnergies,sustainability_statement,2026,totalenergies_sustainability-climate-2026-progress-report_2026_en.pdf,31,31,FOCUS,277,1798,data/raw_pdfs/totalenergies/totalenergies_sustainability-climate-2026-progress-report_2026_en.pdf,https://totalenergies.com/system/files/documents/totalenergies_sustainability-climate-2026-progress-report_2026_en.pdf
TotalEnergies,sustainability_statement,2026,totalenergies_sustainability-climate-2026-progress-report_2026_en.pdf,32,32,T,417,2849,data/raw_pdfs/totalenergies/totalenergies_sustainability-climate-2026-progress-report_2026_en.pdf,https://totalenergies.com/system/files/documents/totalenergies_sustainability-climate-2026-progress-report_2026_en.pdf
TotalEnergies,sustainability_statement,2026,totalenergies_sustainability-climate-2026-progress-report_2026_en.pdf,33,33,Disciplined and Sustainable Investments to Support our Strategy,489,3138,data/raw_pdfs/totalenergies/totalenergies_sustainability-climate-2026-progress-report_2026_en.pdf,https://totalenergies.com/system/files/documents/totalenergies_sustainability-climate-2026-progress-report_2026_en.pdf
TotalEnergies,sustainability_statement,2026,totalenergies_sustainability-climate-2026-progress-report_2026_en.pdf,34,34,Disciplined and Sustainable Investments to Support our Strategy,590,3605,data/raw_pdfs/totalenergies/totalenergies_sustainability-climate-2026-progress-report_2026_en.pdf,https://totalenergies.com/system/files/documents/totalenergies_sustainability-climate-2026-progress-report_2026_en.pdf
TotalEnergies,sustainability_statement,2026,totalenergies_sustainability-climate-2026-progress-report_2026_en.pdf,35,35,A Resilient Portfolio,502,3174,data/raw_pdfs/totalenergies/totalenergies_sustainability-climate-2026-progress-report_2026_en.pdf,https://totalenergies.com/system/files/documents/totalenergies_sustainability-climate-2026-progress-report_2026_en.pdf
TotalEnergies,sustainability_statement,2026,totalenergies_sustainability-climate-2026-progress-report_2026_en.pdf,36,36,A Resilient Portfolio,625,3794,data/raw_pdfs/totalenergies/totalenergies_sustainability-climate-2026-progress-report_2026_en.pdf,https://totalenergies.com/system/files/documents/totalenergies_sustainability-climate-2026-progress-report_2026_en.pdf
TotalEnergies,sustainability_statement,2026,totalenergies_sustainability-climate-2026-progress-report_2026_en.pdf,37,37,2025 Taxonomy: A Company in Transition,318,2220,data/raw_pdfs/totalenergies/totalenergies_sustainability-climate-2026-progress-report_2026_en.pdf,https://totalenergies.com/system/files/documents/totalenergies_sustainability-climate-2026-progress-report_2026_en.pdf
TotalEnergies,sustainability_statement,2026,totalenergies_sustainability-climate-2026-progress-report_2026_en.pdf,38,38,Our Energy Transition-Related Risks,255,1710,data/raw_pdfs/totalenergies/totalenergies_sustainability-climate-2026-progress-report_2026_en.pdf,https://totalenergies.com/system/files/documents/totalenergies_sustainability-climate-2026-progress-report_2026_en.pdf
TotalEnergies,sustainability_statement,2026,totalenergies_sustainability-climate-2026-progress-report_2026_en.pdf,39,39,Adapting to Physical Risks,568,3588,data/raw_pdfs/totalenergies/totalenergies_sustainability-climate-2026-progress-report_2026_en.pdf,https://totalenergies.com/system/files/documents/totalenergies_sustainability-climate-2026-progress-report_2026_en.pdf
TotalEnergies,sustainability_statement,2026,totalenergies_sustainability-climate-2026-progress-report_2026_en.pdf,40,40,Adapting to Physical Risks,436,2687,data/raw_pdfs/totalenergies/totalenergies_sustainability-climate-2026-progress-report_2026_en.pdf,https://totalenergies.com/system/files/documents/totalenergies_sustainability-climate-2026-progress-report_2026_en.pdf
TotalEnergies,sustainability_statement,2026,totalenergies_sustainability-climate-2026-progress-report_2026_en.pdf,41,41,Adapting to Physical Risks,635,4430,data/raw_pdfs/totalenergies/totalenergies_sustainability-climate-2026-progress-report_2026_en.pdf,https://totalenergies.com/system/files/documents/totalenergies_sustainability-climate-2026-progress-report_2026_en.pdf
TotalEnergies,sustainability_statement,2026,totalenergies_sustainability-climate-2026-progress-report_2026_en.pdf,42,42,Adapting to Physical Risks,233,1580,data/raw_pdfs/totalenergies/totalenergies_sustainability-climate-2026-progress-report_2026_en.pdf,https://totalenergies.com/system/files/documents/totalenergies_sustainability-climate-2026-progress-report_2026_en.pdf
TotalEnergies,sustainability_statement,2026,totalenergies_sustainability-climate-2026-progress-report_2026_en.pdf,43,43,Our Extra-financial Ratings,415,2734,data/raw_pdfs/totalenergies/totalenergies_sustainability-climate-2026-progress-report_2026_en.pdf,https://totalenergies.com/system/files/documents/totalenergies_sustainability-climate-2026-progress-report_2026_en.pdf
TotalEnergies,sustainability_statement,2026,totalenergies_sustainability-climate-2026-progress-report_2026_en.pdf,44,44,Climate & Sustainable Energy,199,1376,data/raw_pdfs/totalenergies/totalenergies_sustainability-climate-2026-progress-report_2026_en.pdf,https://totalenergies.com/system/files/documents/totalenergies_sustainability-climate-2026-progress-report_2026_en.pdf
TotalEnergies,sustainability_statement,2026,totalenergies_sustainability-climate-2026-progress-report_2026_en.pdf,45,45,vs 2015 - 36% - 38%,252,1291,data/raw_pdfs/totalenergies/totalenergies_sustainability-climate-2026-progress-report_2026_en.pdf,https://totalenergies.com/system/files/documents/totalenergies_sustainability-climate-2026-progress-report_2026_en.pdf
TotalEnergies,sustainability_statement,2026,totalenergies_sustainability-climate-2026-progress-report_2026_en.pdf,46,46,How TotalEnergies’ 2030 Objectives Compare to the IEA Scenarios,515,3180,data/raw_pdfs/totalenergies/totalenergies_sustainability-climate-2026-progress-report_2026_en.pdf,https://totalenergies.com/system/files/documents/totalenergies_sustainability-climate-2026-progress-report_2026_en.pdf
TotalEnergies,sustainability_statement,2026,totalenergies_sustainability-climate-2026-progress-report_2026_en.pdf,47,47,Reducing Our Emissions,580,3385,data/raw_pdfs/totalenergies/totalenergies_sustainability-climate-2026-progress-report_2026_en.pdf,https://totalenergies.com/system/files/documents/totalenergies_sustainability-climate-2026-progress-report_2026_en.pdf
TotalEnergies,sustainability_statement,2026,totalenergies_sustainability-climate-2026-progress-report_2026_en.pdf,48,48,S,493,3202,data/raw_pdfs/totalenergies/totalenergies_sustainability-climate-2026-progress-report_2026_en.pdf,https://totalenergies.com/system/files/documents/totalenergies_sustainability-climate-2026-progress-report_2026_en.pdf
TotalEnergies,sustainability_statement,2026,totalenergies_sustainability-climate-2026-progress-report_2026_en.pdf,49,49,S,408,2658,data/raw_pdfs/totalenergies/totalenergies_sustainability-climate-2026-progress-report_2026_en.pdf,https://totalenergies.com/system/files/documents/totalenergies_sustainability-climate-2026-progress-report_2026_en.pdf
TotalEnergies,sustainability_statement,2026,totalenergies_sustainability-climate-2026-progress-report_2026_en.pdf,50,50,Decarbonizing our Operated Sites Through Low-Carbon Electricity Supply and Electriﬁcation,654,4110,data/raw_pdfs/totalenergies/totalenergies_sustainability-climate-2026-progress-report_2026_en.pdf,https://totalenergies.com/system/files/documents/totalenergies_sustainability-climate-2026-progress-report_2026_en.pdf
TotalEnergies,sustainability_statement,2026,totalenergies_sustainability-climate-2026-progress-report_2026_en.pdf,51,51,Aiming for Zero Methane Emissions,517,3226,data/raw_pdfs/totalenergies/totalenergies_sustainability-climate-2026-progress-report_2026_en.pdf,https://totalenergies.com/system/files/documents/totalenergies_sustainability-climate-2026-progress-report_2026_en.pdf
TotalEnergies,sustainability_statement,2026,totalenergies_sustainability-climate-2026-progress-report_2026_en.pdf,52,52,Aiming for Zero Methane Emissions,744,4691,data/raw_pdfs/totalenergies/totalenergies_sustainability-climate-2026-progress-report_2026_en.pdf,https://totalenergies.com/system/files/documents/totalenergies_sustainability-climate-2026-progress-report_2026_en.pdf
TotalEnergies,sustainability_statement,2026,totalenergies_sustainability-climate-2026-progress-report_2026_en.pdf,53,53,Aiming for Zero Methane Emissions,577,3599,data/raw_pdfs/totalenergies/totalenergies_sustainability-climate-2026-progress-report_2026_en.pdf,https://totalenergies.com/system/files/documents/totalenergies_sustainability-climate-2026-progress-report_2026_en.pdf
TotalEnergies,sustainability_statement,2026,totalenergies_sustainability-climate-2026-progress-report_2026_en.pdf,54,54,Aiming for Zero Methane Emissions,712,4522,data/raw_pdfs/totalenergies/totalenergies_sustainability-climate-2026-progress-report_2026_en.pdf,https://totalenergies.com/system/files/documents/totalenergies_sustainability-climate-2026-progress-report_2026_en.pdf
TotalEnergies,sustainability_statement,2026,totalenergies_sustainability-climate-2026-progress-report_2026_en.pdf,55,55,Actively Working with Our Partners on Non-operated Assets,570,3638,data/raw_pdfs/totalenergies/totalenergies_sustainability-climate-2026-progress-report_2026_en.pdf,https://totalenergies.com/system/files/documents/totalenergies_sustainability-climate-2026-progress-report_2026_en.pdf
TotalEnergies,sustainability_statement,2026,totalenergies_sustainability-climate-2026-progress-report_2026_en.pdf,56,56,Actively Working with Our Partners on Non-operated Assets,502,3242,data/raw_pdfs/totalenergies/totalenergies_sustainability-climate-2026-progress-report_2026_en.pdf,https://totalenergies.com/system/files/documents/totalenergies_sustainability-climate-2026-progress-report_2026_en.pdf
TotalEnergies,sustainability_statement,2026,totalenergies_sustainability-climate-2026-progress-report_2026_en.pdf,57,57,Reducing Our Customers Emissions,287,1850,data/raw_pdfs/totalenergies/totalenergies_sustainability-climate-2026-progress-report_2026_en.pdf,https://totalenergies.com/system/files/documents/totalenergies_sustainability-climate-2026-progress-report_2026_en.pdf
TotalEnergies,sustainability_statement,2026,totalenergies_sustainability-climate-2026-progress-report_2026_en.pdf,58,58,LARGE COMPANIES 37,549,3868,data/raw_pdfs/totalenergies/totalenergies_sustainability-climate-2026-progress-report_2026_en.pdf,https://totalenergies.com/system/files/documents/totalenergies_sustainability-climate-2026-progress-report_2026_en.pdf
TotalEnergies,sustainability_statement,2026,totalenergies_sustainability-climate-2026-progress-report_2026_en.pdf,59,59,FOCUS,270,1811,data/raw_pdfs/totalenergies/totalenergies_sustainability-climate-2026-progress-report_2026_en.pdf,https://totalenergies.com/system/files/documents/totalenergies_sustainability-climate-2026-progress-report_2026_en.pdf
TotalEnergies,sustainability_statement,2026,totalenergies_sustainability-climate-2026-progress-report_2026_en.pdf,60,60,FOCUS,581,3805,data/raw_pdfs/totalenergies/totalenergies_sustainability-climate-2026-progress-report_2026_en.pdf,https://totalenergies.com/system/files/documents/totalenergies_sustainability-climate-2026-progress-report_2026_en.pdf
TotalEnergies,sustainability_statement,2026,totalenergies_sustainability-climate-2026-progress-report_2026_en.pdf,61,61,Developing Electric Mobility,458,3104,data/raw_pdfs/totalenergies/totalenergies_sustainability-climate-2026-progress-report_2026_en.pdf,https://totalenergies.com/system/files/documents/totalenergies_sustainability-climate-2026-progress-report_2026_en.pdf
TotalEnergies,sustainability_statement,2026,totalenergies_sustainability-climate-2026-progress-report_2026_en.pdf,62,62,New Low-carbon Energy,392,2577,data/raw_pdfs/totalenergies/totalenergies_sustainability-climate-2026-progress-report_2026_en.pdf,https://totalenergies.com/system/files/documents/totalenergies_sustainability-climate-2026-progress-report_2026_en.pdf
TotalEnergies,sustainability_statement,2026,totalenergies_sustainability-climate-2026-progress-report_2026_en.pdf,63,63,What are the Relevant Indicators for Reducing GHG Emissions Worldwide?,469,3079,data/raw_pdfs/totalenergies/totalenergies_sustainability-climate-2026-progress-report_2026_en.pdf,https://totalenergies.com/system/files/documents/totalenergies_sustainability-climate-2026-progress-report_2026_en.pdf
TotalEnergies,sustainability_statement,2026,totalenergies_sustainability-climate-2026-progress-report_2026_en.pdf,64,64,"Enabled Emissions Reductions (""Scope 4"")",772,4607,data/raw_pdfs/totalenergies/totalenergies_sustainability-climate-2026-progress-report_2026_en.pdf,https://totalenergies.com/system/files/documents/totalenergies_sustainability-climate-2026-progress-report_2026_en.pdf
TotalEnergies,sustainability_statement,2026,totalenergies_sustainability-climate-2026-progress-report_2026_en.pdf,65,65,Solutions for residual emissions,652,4048,data/raw_pdfs/totalenergies/totalenergies_sustainability-climate-2026-progress-report_2026_en.pdf,https://totalenergies.com/system/files/documents/totalenergies_sustainability-climate-2026-progress-report_2026_en.pdf
TotalEnergies,sustainability_statement,2026,totalenergies_sustainability-climate-2026-progress-report_2026_en.pdf,66,66,Oﬀsetting Residual Emissions with Nature-based Carbon Sinks,476,3258,data/raw_pdfs/totalenergies/totalenergies_sustainability-climate-2026-progress-report_2026_en.pdf,https://totalenergies.com/system/files/documents/totalenergies_sustainability-climate-2026-progress-report_2026_en.pdf
TotalEnergies,sustainability_statement,2026,totalenergies_sustainability-climate-2026-progress-report_2026_en.pdf,67,67,Innovating to Accelerate the Energy Transition,418,2816,data/raw_pdfs/totalenergies/totalenergies_sustainability-climate-2026-progress-report_2026_en.pdf,https://totalenergies.com/system/files/documents/totalenergies_sustainability-climate-2026-progress-report_2026_en.pdf
TotalEnergies,sustainability_statement,2026,totalenergies_sustainability-climate-2026-progress-report_2026_en.pdf,68,68,Innovating to Accelerate the Energy Transition,727,5158,data/raw_pdfs/totalenergies/totalenergies_sustainability-climate-2026-progress-report_2026_en.pdf,https://totalenergies.com/system/files/documents/totalenergies_sustainability-climate-2026-progress-report_2026_en.pdf
TotalEnergies,sustainability_statement,2026,totalenergies_sustainability-climate-2026-progress-report_2026_en.pdf,69,69,Acting for the Well-Being of Employees,83,514,data/raw_pdfs/totalenergies/totalenergies_sustainability-climate-2026-progress-report_2026_en.pdf,https://totalenergies.com/system/files/documents/totalenergies_sustainability-climate-2026-progress-report_2026_en.pdf
TotalEnergies,sustainability_statement,2026,totalenergies_sustainability-climate-2026-progress-report_2026_en.pdf,70,70,Ensuring People’s Safety,375,2446,data/raw_pdfs/totalenergies/totalenergies_sustainability-climate-2026-progress-report_2026_en.pdf,https://totalenergies.com/system/files/documents/totalenergies_sustainability-climate-2026-progress-report_2026_en.pdf
TotalEnergies,sustainability_statement,2026,totalenergies_sustainability-climate-2026-progress-report_2026_en.pdf,71,71,"Life Saving Checks 13,000",632,4085,data/raw_pdfs/totalenergies/totalenergies_sustainability-climate-2026-progress-report_2026_en.pdf,https://totalenergies.com/system/files/documents/totalenergies_sustainability-climate-2026-progress-report_2026_en.pdf
TotalEnergies,sustainability_statement,2026,totalenergies_sustainability-climate-2026-progress-report_2026_en.pdf,72,72,"Life Saving Checks 13,000",482,3324,data/raw_pdfs/totalenergies/totalenergies_sustainability-climate-2026-progress-report_2026_en.pdf,https://totalenergies.com/system/files/documents/totalenergies_sustainability-climate-2026-progress-report_2026_en.pdf
TotalEnergies,sustainability_statement,2026,totalenergies_sustainability-climate-2026-progress-report_2026_en.pdf,73,73,Our Employees Committed to Transition,483,3155,data/raw_pdfs/totalenergies/totalenergies_sustainability-climate-2026-progress-report_2026_en.pdf,https://totalenergies.com/system/files/documents/totalenergies_sustainability-climate-2026-progress-report_2026_en.pdf
TotalEnergies,sustainability_statement,2026,totalenergies_sustainability-climate-2026-progress-report_2026_en.pdf,74,74,Five Levers to Mobilize Our Employees,650,3997,data/raw_pdfs/totalenergies/totalenergies_sustainability-climate-2026-progress-report_2026_en.pdf,https://totalenergies.com/system/files/documents/totalenergies_sustainability-climate-2026-progress-report_2026_en.pdf
TotalEnergies,sustainability_statement,2026,totalenergies_sustainability-climate-2026-progress-report_2026_en.pdf,75,75,FOCUS,434,2907,data/raw_pdfs/totalenergies/totalenergies_sustainability-climate-2026-progress-report_2026_en.pdf,https://totalenergies.com/system/files/documents/totalenergies_sustainability-climate-2026-progress-report_2026_en.pdf
TotalEnergies,sustainability_statement,2026,totalenergies_sustainability-climate-2026-progress-report_2026_en.pdf,76,76,Develop and Support Talent in the Transition,444,2964,data/raw_pdfs/totalenergies/totalenergies_sustainability-climate-2026-progress-report_2026_en.pdf,https://totalenergies.com/system/files/documents/totalenergies_sustainability-climate-2026-progress-report_2026_en.pdf
TotalEnergies,sustainability_statement,2026,totalenergies_sustainability-climate-2026-progress-report_2026_en.pdf,77,77,Building a Good Place to Work,477,2990,data/raw_pdfs/totalenergies/totalenergies_sustainability-climate-2026-progress-report_2026_en.pdf,https://totalenergies.com/system/files/documents/totalenergies_sustainability-climate-2026-progress-report_2026_en.pdf
TotalEnergies,sustainability_statement,2026,totalenergies_sustainability-climate-2026-progress-report_2026_en.pdf,78,78,FOCUS,381,2431,data/raw_pdfs/totalenergies/totalenergies_sustainability-climate-2026-progress-report_2026_en.pdf,https://totalenergies.com/system/files/documents/totalenergies_sustainability-climate-2026-progress-report_2026_en.pdf
TotalEnergies,sustainability_statement,2026,totalenergies_sustainability-climate-2026-progress-report_2026_en.pdf,79,79,"Talent Diversity, a Performance Lever",414,2823,data/raw_pdfs/totalenergies/totalenergies_sustainability-climate-2026-progress-report_2026_en.pdf,https://totalenergies.com/system/files/documents/totalenergies_sustainability-climate-2026-progress-report_2026_en.pdf
TotalEnergies,sustainability_statement,2026,totalenergies_sustainability-climate-2026-progress-report_2026_en.pdf,80,80,Caring for the Environment,59,408,data/raw_pdfs/totalenergies/totalenergies_sustainability-climate-2026-progress-report_2026_en.pdf,https://totalenergies.com/system/files/documents/totalenergies_sustainability-climate-2026-progress-report_2026_en.pdf
TotalEnergies,sustainability_statement,2026,totalenergies_sustainability-climate-2026-progress-report_2026_en.pdf,81,81,Caring for the Environment,457,3082,data/raw_pdfs/totalenergies/totalenergies_sustainability-climate-2026-progress-report_2026_en.pdf,https://totalenergies.com/system/files/documents/totalenergies_sustainability-climate-2026-progress-report_2026_en.pdf
TotalEnergies,sustainability_statement,2026,totalenergies_sustainability-climate-2026-progress-report_2026_en.pdf,82,82,FOCUS,461,2955,data/raw_pdfs/totalenergies/totalenergies_sustainability-climate-2026-progress-report_2026_en.pdf,https://totalenergies.com/system/files/documents/totalenergies_sustainability-climate-2026-progress-report_2026_en.pdf
TotalEnergies,sustainability_statement,2026,totalenergies_sustainability-climate-2026-progress-report_2026_en.pdf,83,83,Environmental Protection,436,2911,data/raw_pdfs/totalenergies/totalenergies_sustainability-climate-2026-progress-report_2026_en.pdf,https://totalenergies.com/system/files/documents/totalenergies_sustainability-climate-2026-progress-report_2026_en.pdf
TotalEnergies,sustainability_statement,2026,totalenergies_sustainability-climate-2026-progress-report_2026_en.pdf,84,84,Taking Action to Preserve Water Resources,270,1788,data/raw_pdfs/totalenergies/totalenergies_sustainability-climate-2026-progress-report_2026_en.pdf,https://totalenergies.com/system/files/documents/totalenergies_sustainability-climate-2026-progress-report_2026_en.pdf
TotalEnergies,sustainability_statement,2026,totalenergies_sustainability-climate-2026-progress-report_2026_en.pdf,85,85,-20 % by 2030,377,2438,data/raw_pdfs/totalenergies/totalenergies_sustainability-climate-2026-progress-report_2026_en.pdf,https://totalenergies.com/system/files/documents/totalenergies_sustainability-climate-2026-progress-report_2026_en.pdf
TotalEnergies,sustainability_statement,2026,totalenergies_sustainability-climate-2026-progress-report_2026_en.pdf,86,86,Developing Circular Management of Our Products,399,2398,data/raw_pdfs/totalenergies/totalenergies_sustainability-climate-2026-progress-report_2026_en.pdf,https://totalenergies.com/system/files/documents/totalenergies_sustainability-climate-2026-progress-report_2026_en.pdf
TotalEnergies,sustainability_statement,2026,totalenergies_sustainability-climate-2026-progress-report_2026_en.pdf,87,87,Developing Circular Management of Our Products,513,3409,data/raw_pdfs/totalenergies/totalenergies_sustainability-climate-2026-progress-report_2026_en.pdf,https://totalenergies.com/system/files/documents/totalenergies_sustainability-climate-2026-progress-report_2026_en.pdf
TotalEnergies,sustainability_statement,2026,totalenergies_sustainability-climate-2026-progress-report_2026_en.pdf,88,88,Acting for Biodiversity,417,2757,data/raw_pdfs/totalenergies/totalenergies_sustainability-climate-2026-progress-report_2026_en.pdf,https://totalenergies.com/system/files/documents/totalenergies_sustainability-climate-2026-progress-report_2026_en.pdf
TotalEnergies,sustainability_statement,2026,totalenergies_sustainability-climate-2026-progress-report_2026_en.pdf,89,89,Acting for Biodiversity,597,4041,data/raw_pdfs/totalenergies/totalenergies_sustainability-climate-2026-progress-report_2026_en.pdf,https://totalenergies.com/system/files/documents/totalenergies_sustainability-climate-2026-progress-report_2026_en.pdf
TotalEnergies,sustainability_statement,2026,totalenergies_sustainability-climate-2026-progress-report_2026_en.pdf,90,90,Having a Positive Impact for Stakeholders,91,597,data/raw_pdfs/totalenergies/totalenergies_sustainability-climate-2026-progress-report_2026_en.pdf,https://totalenergies.com/system/files/documents/totalenergies_sustainability-climate-2026-progress-report_2026_en.pdf
TotalEnergies,sustainability_statement,2026,totalenergies_sustainability-climate-2026-progress-report_2026_en.pdf,91,91,Having a Positive Impact for Stakeholders,491,3239,data/raw_pdfs/totalenergies/totalenergies_sustainability-climate-2026-progress-report_2026_en.pdf,https://totalenergies.com/system/files/documents/totalenergies_sustainability-climate-2026-progress-report_2026_en.pdf
TotalEnergies,sustainability_statement,2026,totalenergies_sustainability-climate-2026-progress-report_2026_en.pdf,92,92,Upholding Human Rights,481,3202,data/raw_pdfs/totalenergies/totalenergies_sustainability-climate-2026-progress-report_2026_en.pdf,https://totalenergies.com/system/files/documents/totalenergies_sustainability-climate-2026-progress-report_2026_en.pdf
TotalEnergies,sustainability_statement,2026,totalenergies_sustainability-climate-2026-progress-report_2026_en.pdf,93,93,More than 450,667,4515,data/raw_pdfs/totalenergies/totalenergies_sustainability-climate-2026-progress-report_2026_en.pdf,https://totalenergies.com/system/files/documents/totalenergies_sustainability-climate-2026-progress-report_2026_en.pdf
TotalEnergies,sustainability_statement,2026,totalenergies_sustainability-climate-2026-progress-report_2026_en.pdf,94,94,Promoting Fiscal Transparency and Fighting Corruption,577,3744,data/raw_pdfs/totalenergies/totalenergies_sustainability-climate-2026-progress-report_2026_en.pdf,https://totalenergies.com/system/files/documents/totalenergies_sustainability-climate-2026-progress-report_2026_en.pdf
TotalEnergies,sustainability_statement,2026,totalenergies_sustainability-climate-2026-progress-report_2026_en.pdf,95,95,Engaging with Our Stakeholders,547,3725,data/raw_pdfs/totalenergies/totalenergies_sustainability-climate-2026-progress-report_2026_en.pdf,https://totalenergies.com/system/files/documents/totalenergies_sustainability-climate-2026-progress-report_2026_en.pdf
TotalEnergies,sustainability_statement,2026,totalenergies_sustainability-climate-2026-progress-report_2026_en.pdf,96,96,Dialogue with Investors,467,3180,data/raw_pdfs/totalenergies/totalenergies_sustainability-climate-2026-progress-report_2026_en.pdf,https://totalenergies.com/system/files/documents/totalenergies_sustainability-climate-2026-progress-report_2026_en.pdf
TotalEnergies,sustainability_statement,2026,totalenergies_sustainability-climate-2026-progress-report_2026_en.pdf,97,97,Share Value with Our Host Communities,470,3110,data/raw_pdfs/totalenergies/totalenergies_sustainability-climate-2026-progress-report_2026_en.pdf,https://totalenergies.com/system/files/documents/totalenergies_sustainability-climate-2026-progress-report_2026_en.pdf
TotalEnergies,sustainability_statement,2026,totalenergies_sustainability-climate-2026-progress-report_2026_en.pdf,98,98,FOCUS,558,3715,data/raw_pdfs/totalenergies/totalenergies_sustainability-climate-2026-progress-report_2026_en.pdf,https://totalenergies.com/system/files/documents/totalenergies_sustainability-climate-2026-progress-report_2026_en.pdf
TotalEnergies,sustainability_statement,2026,totalenergies_sustainability-climate-2026-progress-report_2026_en.pdf,99,99,FOCUS,512,3300,data/raw_pdfs/totalenergies/totalenergies_sustainability-climate-2026-progress-report_2026_en.pdf,https://totalenergies.com/system/files/documents/totalenergies_sustainability-climate-2026-progress-report_2026_en.pdf
TotalEnergies,sustainability_statement,2026,totalenergies_sustainability-climate-2026-progress-report_2026_en.pdf,100,100,Making a Commitment to Young People,501,3274,data/raw_pdfs/totalenergies/totalenergies_sustainability-climate-2026-progress-report_2026_en.pdf,https://totalenergies.com/system/files/documents/totalenergies_sustainability-climate-2026-progress-report_2026_en.pdf
TotalEnergies,sustainability_statement,2026,totalenergies_sustainability-climate-2026-progress-report_2026_en.pdf,101,101,Accessible and Aﬀordable Energy for All,473,3132,data/raw_pdfs/totalenergies/totalenergies_sustainability-climate-2026-progress-report_2026_en.pdf,https://totalenergies.com/system/files/documents/totalenergies_sustainability-climate-2026-progress-report_2026_en.pdf
TotalEnergies,sustainability_statement,2026,totalenergies_sustainability-climate-2026-progress-report_2026_en.pdf,102,102,Working Alongside Our Suppliers,374,2560,data/raw_pdfs/totalenergies/totalenergies_sustainability-climate-2026-progress-report_2026_en.pdf,https://totalenergies.com/system/files/documents/totalenergies_sustainability-climate-2026-progress-report_2026_en.pdf
TotalEnergies,sustainability_statement,2026,totalenergies_sustainability-climate-2026-progress-report_2026_en.pdf,103,103,FOCUS,262,1886,data/raw_pdfs/totalenergies/totalenergies_sustainability-climate-2026-progress-report_2026_en.pdf,https://totalenergies.com/system/files/documents/totalenergies_sustainability-climate-2026-progress-report_2026_en.pdf
TotalEnergies,sustainability_statement,2026,totalenergies_sustainability-climate-2026-progress-report_2026_en.pdf,104,104,Performance Indicators,57,384,data/raw_pdfs/totalenergies/totalenergies_sustainability-climate-2026-progress-report_2026_en.pdf,https://totalenergies.com/system/files/documents/totalenergies_sustainability-climate-2026-progress-report_2026_en.pdf
TotalEnergies,sustainability_statement,2026,totalenergies_sustainability-climate-2026-progress-report_2026_en.pdf,105,105,Key Performance Indicators,642,4363,data/raw_pdfs/totalenergies/totalenergies_sustainability-climate-2026-progress-report_2026_en.pdf,https://totalenergies.com/system/files/documents/totalenergies_sustainability-climate-2026-progress-report_2026_en.pdf
TotalEnergies,sustainability_statement,2026,totalenergies_sustainability-climate-2026-progress-report_2026_en.pdf,106,106,Key Performance Indicators,435,2283,data/raw_pdfs/totalenergies/totalenergies_sustainability-climate-2026-progress-report_2026_en.pdf,https://totalenergies.com/system/files/documents/totalenergies_sustainability-climate-2026-progress-report_2026_en.pdf
TotalEnergies,sustainability_statement,2026,totalenergies_sustainability-climate-2026-progress-report_2026_en.pdf,107,107,Key Performance Indicators,330,2060,data/raw_pdfs/totalenergies/totalenergies_sustainability-climate-2026-progress-report_2026_en.pdf,https://totalenergies.com/system/files/documents/totalenergies_sustainability-climate-2026-progress-report_2026_en.pdf
TotalEnergies,sustainability_statement,2026,totalenergies_sustainability-climate-2026-progress-report_2026_en.pdf,108,108,Key Performance Indicators,796,3105,data/raw_pdfs/totalenergies/totalenergies_sustainability-climate-2026-progress-report_2026_en.pdf,https://totalenergies.com/system/files/documents/totalenergies_sustainability-climate-2026-progress-report_2026_en.pdf
TotalEnergies,sustainability_statement,2026,totalenergies_sustainability-climate-2026-progress-report_2026_en.pdf,109,109,Key Performance Indicators,1241,7250,data/raw_pdfs/totalenergies/totalenergies_sustainability-climate-2026-progress-report_2026_en.pdf,https://totalenergies.com/system/files/documents/totalenergies_sustainability-climate-2026-progress-report_2026_en.pdf
TotalEnergies,sustainability_statement,2026,totalenergies_sustainability-climate-2026-progress-report_2026_en.pdf,110,110,Key Performance Indicators,588,3424,data/raw_pdfs/totalenergies/totalenergies_sustainability-climate-2026-progress-report_2026_en.pdf,https://totalenergies.com/system/files/documents/totalenergies_sustainability-climate-2026-progress-report_2026_en.pdf
TotalEnergies,sustainability_statement,2026,totalenergies_sustainability-climate-2026-progress-report_2026_en.pdf,111,111,Key Performance Indicators,401,2397,data/raw_pdfs/totalenergies/totalenergies_sustainability-climate-2026-progress-report_2026_en.pdf,https://totalenergies.com/system/files/documents/totalenergies_sustainability-climate-2026-progress-report_2026_en.pdf
TotalEnergies,sustainability_statement,2026,totalenergies_sustainability-climate-2026-progress-report_2026_en.pdf,112,112,Key Performance Indicators,704,4221,data/raw_pdfs/totalenergies/totalenergies_sustainability-climate-2026-progress-report_2026_en.pdf,https://totalenergies.com/system/files/documents/totalenergies_sustainability-climate-2026-progress-report_2026_en.pdf
TotalEnergies,sustainability_statement,2026,totalenergies_sustainability-climate-2026-progress-report_2026_en.pdf,113,113,Key Performance Indicators,330,1946,data/raw_pdfs/totalenergies/totalenergies_sustainability-climate-2026-progress-report_2026_en.pdf,https://totalenergies.com/system/files/documents/totalenergies_sustainability-climate-2026-progress-report_2026_en.pdf
TotalEnergies,sustainability_statement,2026,totalenergies_sustainability-climate-2026-progress-report_2026_en.pdf,114,114,The Carbon Capture and Storage Projects,343,2138,data/raw_pdfs/totalenergies/totalenergies_sustainability-climate-2026-progress-report_2026_en.pdf,https://totalenergies.com/system/files/documents/totalenergies_sustainability-climate-2026-progress-report_2026_en.pdf
TotalEnergies,sustainability_statement,2026,totalenergies_sustainability-climate-2026-progress-report_2026_en.pdf,115,115,The Carbon Capture and Storage Projects,352,2270,data/raw_pdfs/totalenergies/totalenergies_sustainability-climate-2026-progress-report_2026_en.pdf,https://totalenergies.com/system/files/documents/totalenergies_sustainability-climate-2026-progress-report_2026_en.pdf
TotalEnergies,sustainability_statement,2026,totalenergies_sustainability-climate-2026-progress-report_2026_en.pdf,116,116,Glossary,271,1942,data/raw_pdfs/totalenergies/totalenergies_sustainability-climate-2026-progress-report_2026_en.pdf,https://totalenergies.com/system/files/documents/totalenergies_sustainability-climate-2026-progress-report_2026_en.pdf
TotalEnergies,sustainability_statement,2026,totalenergies_sustainability-climate-2026-progress-report_2026_en.pdf,117,117,Glossary,555,3710,data/raw_pdfs/totalenergies/totalenergies_sustainability-climate-2026-progress-report_2026_en.pdf,https://totalenergies.com/system/files/documents/totalenergies_sustainability-climate-2026-progress-report_2026_en.pdf
TotalEnergies,sustainability_statement,2026,totalenergies_sustainability-climate-2026-progress-report_2026_en.pdf,118,118,Glossary,498,3314,data/raw_pdfs/totalenergies/totalenergies_sustainability-climate-2026-progress-report_2026_en.pdf,https://totalenergies.com/system/files/documents/totalenergies_sustainability-climate-2026-progress-report_2026_en.pdf
TotalEnergies,sustainability_statement,2026,totalenergies_sustainability-climate-2026-progress-report_2026_en.pdf,119,119,Glossary,744,4890,data/raw_pdfs/totalenergies/totalenergies_sustainability-climate-2026-progress-report_2026_en.pdf,https://totalenergies.com/system/files/documents/totalenergies_sustainability-climate-2026-progress-report_2026_en.pdf
TotalEnergies,sustainability_statement,2026,totalenergies_sustainability-climate-2026-progress-report_2026_en.pdf,120,120,Glossary,597,4050,data/raw_pdfs/totalenergies/totalenergies_sustainability-climate-2026-progress-report_2026_en.pdf,https://totalenergies.com/system/files/documents/totalenergies_sustainability-climate-2026-progress-report_2026_en.pdf
TotalEnergies,sustainability_statement,2026,totalenergies_sustainability-climate-2026-progress-report_2026_en.pdf,121,121,Glossary,450,3029,data/raw_pdfs/totalenergies/totalenergies_sustainability-climate-2026-progress-report_2026_en.pdf,https://totalenergies.com/system/files/documents/totalenergies_sustainability-climate-2026-progress-report_2026_en.pdf
TotalEnergies,sustainability_statement,2026,totalenergies_sustainability-climate-2026-progress-report_2026_en.pdf,122,122,Value Chain,68,550,data/raw_pdfs/totalenergies/totalenergies_sustainability-climate-2026-progress-report_2026_en.pdf,https://totalenergies.com/system/files/documents/totalenergies_sustainability-climate-2026-progress-report_2026_en.pdf
TotalEnergies,sustainability_statement,2026,totalenergies_sustainability-climate-2026-progress-report_2026_en.pdf,123,123,Value Chain,1634,11296,data/raw_pdfs/totalenergies/totalenergies_sustainability-climate-2026-progress-report_2026_en.pdf,https://totalenergies.com/system/files/documents/totalenergies_sustainability-climate-2026-progress-report_2026_en.pdf
TotalEnergies,sustainability_statement,2026,totalenergies_sustainability-climate-2026-progress-report_2026_en.pdf,124,124,Value Chain,249,1992,data/raw_pdfs/totalenergies/totalenergies_sustainability-climate-2026-progress-report_2026_en.pdf,https://totalenergies.com/system/files/documents/totalenergies_sustainability-climate-2026-progress-report_2026_en.pdf
